Customer,Jobnumber,ClientID
Sydney Day Hospital,56605,1824
Eye Tech Day Surgeries,56604,63
NuVasive Australia & New Zealand,56603,1271
NuVasive Australia & New Zealand,56602,1271
NuVasive Australia & New Zealand,56601,1271
Sunshine Coast Day Surgery,56600,347
Brisbane Private Hospital,56599,230
St Vincents Private Hospital Toowoomba,56598,227
Pindara Private Hospital,56597,76
LMT Surgical Pty Ltd,56596,1037
Device Technologies Australia Pty Ltd,56595,1506
Campbelltown Private Hospital,56594,1527
St Andrew's Toowoomba Hospital,56592,225
St Andrew's Toowoomba Hospital,56591,225
St John of God Subiaco Hospital,56590,1705
North Queensland Day Surgical Centre,56589,1079
The Childrens Hospital Westmead,56588,1488
St John of God Subiaco Hospital,56587,1705
Hurstville Private Hospital,56586,1586
Brisbane Private Hospital,56585,230
Lingard Private Hospital,56584,1383
St George Hospital Sydney,56583,1541
The Sydney Private Hospital,56582,1725
Hurstville Private Hospital,56581,1586
Hurstville Private Hospital,56580,1586
Veterinary Specialist Services Carrara,56579,1768
St John of God Bendigo Hospital,56578,1639
St Vincents Hospital Lismore,56577,42
Caboolture Private Hospital,56576,593
St George Private Hospital,56575,1405
Calvary Lenah Valley Hospital,56574,1528
Mater Private Hospital Townsville,56573,234
Animal Resources Centre,56572,1830
Extend Medical,56571,1692
NuVasive Australia & New Zealand,56570,1271
NuVasive Australia & New Zealand,56569,1271
NuVasive Australia & New Zealand,56568,1271
St George Private Hospital,56567,1405
St John of God Bendigo Hospital,56566,1639
Brisbane Private Hospital,56565,230
Gold Coast University Hospital,56564,10
Mater Private Hospital Springfield,56563,1494
Small Animal Specialist Hospital,56562,1351
Eyecare North Queensland,56561,1827
Brisbane Private Hospital,56560,230
Brisbane Private Hospital,56559,230
Brisbane Private Hospital,56558,230
Brisbane Private Hospital,56557,230
Gold Coast University Hospital,56556,10
Pacific Private Hospital,56555,594
Gold Coast Hospital -  Robina Campus,56554,648
Mater Private Hospital Springfield,56553,1494
Pindara Private Hospital,56552,76
Pindara Day Procedure Centre,56551,257
Pindara Private Hospital,56550,76
St Vincents Hospital Lismore,56549,42
Sunshine Coast University Private Hospital,56548,657
John Flynn Private Hospital,56547,65
Brisbane Private Hospital,56546,230
Pacific Private Hospital,56545,594
St Vincents Private Hospital Toowoomba,56544,227
Pindara Private Hospital,56543,76
St Andrew's Toowoomba Hospital,56542,225
St Andrew's Toowoomba Hospital,56541,225
Concord Repatriation General Hospital,56540,1613
Concord Repatriation General Hospital,56539,1613
Maitland Private Hospital,56538,1425
Sunshine Coast University Private Hospital,56537,657
Wollongong Hospital,56536,1724
Royal North Shore Hospital,56535,83
Biomedical Technology Services - Central,56534,1208
Biomedical Technology Services - Central,56533,1208
Frances Perry House,56532,1683
Caboolture Private Hospital,56531,593
Frances Perry House,56530,1683
MD Scopes,56529,1279
Brisbane Private Hospital,56528,230
Eye Tech Day Surgeries,56527,63
Lake Macquarie Private Hospital,56526,1430
Wollongong Private Hospital,56525,1509
NuVasive Australia & New Zealand,56524,1271
Brisbane Private Hospital,56523,230
Mater Private Hospital Townsville,56522,234
Gosford Private Hospital,56521,1382
Obesix Pty Ltd,56520,1828
Gold Coast University Hospital,56519,10
St John of God Bendigo Hospital,56517,1639
St John of God Bendigo Hospital,56516,1639
Concord Repatriation General Hospital,56515,1613
Canossa Private Hospital,56514,1420
Brisbane Private Hospital,56513,230
St John of God Bendigo Hospital,56512,1639
Brisbane Private Hospital,56511,230
Brisbane Private Hospital,56510,230
Brisbane Private Hospital,56509,230
Gold Coast University Hospital,56508,10
Pindara Private Hospital,56507,76
Pindara Day Procedure Centre,56506,257
Gold Coast Private Hospital,56505,2
The Lotus Institute,56504,507
Pacific Private Hospital,56503,594
Short Street Day Surgery,56502,386
Townsville Base Hospital,56501,1612
John Flynn Private Hospital,56500,65
Tweed Day Surgery,56499,102
Brisbane Private Hospital,56498,230
Hunter Valley Private Hospital,56497,1353
Hunter Valley Private Hospital,56496,1353
Newcastle Eye Hospital Pty Ltd,56495,1826
Port Macquarie Base Hospital,56494,1335
Newcastle Eye Hospital Pty Ltd,56493,1826
Reid Healthcare,56492,1332
NuVasive Australia & New Zealand,56491,1271
NuVasive Australia & New Zealand,56489,1271
St Andrew's Toowoomba Hospital,56488,225
St Andrew's Toowoomba Hospital,56487,225
St Andrew's Toowoomba Hospital,56486,225
St Andrew's Toowoomba Hospital,56485,225
Mater Private Hospital Brisbane,56484,97
South Bank Day Hospital,56483,1468
Radien Dermatology Gordon,56482,1773
Mater Private Hospital Springfield,56481,1494
Animal Eye Care,56480,1491
Bydand Medical Pty Ltd,56479,1819
Caboolture Private Hospital,56478,593
Lake Macquarie Private Hospital,56477,1430
Brisbane Private Hospital,56476,230
Sydney Day Hospital,56475,1824
Gosford Private Hospital,56474,1382
St George Private Hospital,56473,1405
St George Private Hospital,56472,1405
Biomedical Technology Services - Central,56471,1208
Mater Private Hospital Brisbane,56470,97
VAL-MATTRADERS PTY LTD,56469,1825
VAL-MATTRADERS PTY LTD,56468,1825
Caboolture Private Hospital,56467,593
Mater Hospital Brisbane,56466,20
Sunshine Coast Day Surgery,56465,347
Prince of Wales Public Hospital,56464,1406
Buderim Private Hospital,56463,1245
Buderim Private Hospital,56462,1245
Royal North Shore Hospital,56461,83
The Childrens Hospital Westmead,56460,1488
Royal North Shore Hospital,56458,83
St Andrew's Ipswich Private Hospital,56457,226
St Andrew's Ipswich Private Hospital,56456,226
Elite Medical Supplies,56455,1610
Mater Hospital Hyde Park,56454,365
St Andrew's Ipswich Private Hospital,56453,226
Lingard Private Hospital,56452,1383
Prince of Wales Public Hospital,56451,1406
The Childrens Hospital Westmead,56450,1488
Brisbane Private Hospital,56449,230
Campbelltown Private Hospital,56448,1527
Sydney Eye Hospital,56447,1508
Narrabri District Hospital,56446,1802
Norwest Private Hospital,56445,1352
East Sydney Private Hospital,56444,1767
East Sydney Private Hospital,56443,1767
Ipswich Day Hospital,56442,337
Sydney Day Surgery Prince Alfred,56441,1611
Sydney Day Surgery Prince Alfred,56440,1611
The Wesley Hospital,56439,47
Mater Private Hospital Springfield,56438,1494
Brisbane Private Hospital,56437,230
Brisbane Private Hospital,56436,230
Brisbane Private Hospital,56435,230
Brisbane Private Hospital,56434,230
Maitland Private Hospital,56433,1425
St Stephens Private Hospital,56432,311
Gold Coast Private Hospital,56431,2
John Flynn Private Hospital,56430,65
Pacific Private Hospital,56429,594
Biomedical Technology Services - Central,56428,1208
Newcastle Private Hospital,56427,1334
Melbourne Private Hospital,56426,1685
Eye Tech Day Surgeries Southside,56425,1143
Sunnybank Private Hospital,56424,101
Royal Prince Alfred Hospital,56423,1816
St Andrew's Toowoomba Hospital,56422,225
St Andrew's Toowoomba Hospital,56421,225
Royal North Shore Hospital,56420,83
St Andrew's Toowoomba Hospital,56419,225
St Stephens Private Hospital,56418,311
CanMed SIR,56417,1552
St Vincents Private Hospital - Fitzroy,56416,1656
Eye Tech Day Surgeries,56415,63
Sunnybank Private Hospital,56414,101
St Vincents Hospital Lismore,56413,42
Sunnybank Private Hospital,56412,101
Wollongong Private Hospital,56411,1509
Mater Hospital Mackay,56410,242
Mater Hospital Mackay,56409,242
QEII Hospital,56408,80
Royal Prince Alfred Hospital,56407,1816
Mater Private Hospital Springfield,56406,1494
Mater Private Hospital Springfield,56405,1494
St Andrew's Ipswich Private Hospital,56404,226
St Andrew's Ipswich Private Hospital,56403,226
Royal Prince Alfred Hospital,56402,1816
Mater Private Hospital Brisbane,56401,97
Townsville Day Surgery,56400,1413
Cairns Private Hospital,56399,468
Brisbane Private Hospital,56398,230
Brisbane Private Hospital,56397,230
Royal North Shore Hospital,56396,83
St George Hospital Sydney,56395,1541
Lingard Private Hospital,56394,1383
Dr Kate Morlet-Brown,56393,1790
NuVasive Australia & New Zealand,56392,1271
Device Technologies Australia Pty Ltd,56391,1506
Sunnybank Private Hospital,56390,101
Gold Coast University Hospital,56389,10
Brisbane Private Hospital,56388,230
Gold Coast University Hospital,56387,10
Gold Coast University Hospital,56386,10
Brisbane Private Hospital,56385,230
Buderim Private Hospital,56384,1245
The Tweed Hospital,56383,45
Maitland Private Hospital,56382,1425
Brisbane Private Hospital,56381,230
Murwillumbah District Hospital,56380,24
Brisbane Private Hospital,56379,230
Double Bay Day Surgery,56378,1666
Mater Private Hospital Brisbane,56377,97
Mater Hospital Brisbane,56376,20
Pacific Private Hospital,56375,594
Mater Private Hospital Redlands,56374,672
Gold Coast Hospital -  Robina Campus,56373,648
St Vincents Private Hospital Toowoomba,56372,227
Brisbane Private Hospital,56371,230
Pindara Private Hospital,56370,76
Dr Kate Morlet-Brown,56369,1790
Brisbane Private Hospital,56368,230
John Flynn Private Hospital,56367,65
Gosford District Hospital,56366,241
Hoyland Medical,56365,15
Hoyland Medical,56364,15
Eye Tech Day Surgeries Southside,56363,1143
Eye Tech Day Surgeries Southside,56362,1143
Wyong District Hospital,56360,1309
Caboolture Private Hospital,56359,593
Brisbane Private Hospital,56358,230
Buderim Private Hospital,56357,1245
Wyong District Hospital,56356,1309
Gold Coast University Hospital,56355,10
Wollongong Private Hospital,56354,1509
Mater Private Hospital Brisbane,56353,97
Mater Hospital Brisbane,56352,20
Biomedical Technology Services - Central,56351,1208
Wollongong Private Hospital,56350,1509
Pindara Private Hospital,56349,76
Frances Perry House,56347,1683
St Andrew's War Memorial Hospital,56346,38
Dr Anu Kaur,56345,1822
Frances Perry House,56344,1683
Eye Tech Day Surgeries,56343,63
Eye Tech Day Surgeries,56342,63
North Queensland Day Surgical Centre,56341,1079
NuVasive Australia & New Zealand,56340,1271
NuVasive Australia & New Zealand,56339,1271
NuVasive Australia & New Zealand,56338,1271
NuVasive Australia & New Zealand,56337,1271
NuVasive Australia & New Zealand,56336,1271
St Vincents Private Hospital Toowoomba,56335,227
St Vincents Private Hospital Toowoomba,56334,227
Biomedical Technology Services - Central,56332,1208
Gold Coast University Hospital,56331,10
Gold Coast University Hospital,56330,10
Lakeview Private Hospital,56329,1560
The Childrens Hospital Westmead,56328,1488
Wollongong Hospital,56327,1724
Kingsway Day Surgery,56326,1712
Lake Macquarie Private Hospital,56325,1430
Sunnybank Private Hospital,56324,101
Sunnybank Private Hospital,56323,101
Sunnybank Private Hospital,56322,101
Pindara Day Procedure Centre,56321,257
Pacific Private Hospital,56320,594
Sunnybank Private Hospital,56319,101
Gold Coast Hospital -  Robina Campus,56318,648
Varsity Lakes Day Hospital,56317,1595
Biomedical Technology Services - Central,56316,1208
Mater Private Hospital Brisbane,56315,97
St George Private Hospital,56314,1405
St Vincents Hospital Lismore,56313,42
Surgical & Orthopaedic Research Laboratory,56312,1569
Mater Private Hospital Springfield,56311,1494
Mater Private Hospital Springfield,56310,1494
Olympus Australia,56309,64
Maitland Public Hospital,56308,1562
NSW Surgical Supplies,56307,1823
John Flynn Private Hospital,56306,65
Mater Private Hospital Brisbane,56305,97
Brisbane Private Hospital,56304,230
Buderim Private Hospital,56303,1245
The Wesley Hospital,56302,47
St Andrew's Toowoomba Hospital,56301,225
St Andrew's Toowoomba Hospital,56300,225
LMT Surgical Pty Ltd,56299,1037
Wollongong Private Hospital,56298,1509
St Stephens Private Hospital,56297,311
Wollongong Private Hospital,56296,1509
Prism Surgical Designs Pty Ltd,56295,1500
Campbelltown Private Hospital,56293,1527
Norwest Private Hospital,56292,1352
Gosford Private Hospital,56291,1382
Lake Macquarie Private Hospital,56290,1430
Calvary Bruce Private Hospital,56289,1738
Forster Private Hospital,56288,1687
Sydney Eye Hospital,56287,1508
Brisbane Waters Private Hospital,56286,1427
Royal Prince Alfred Hospital,56285,1816
St Stephens Private Hospital,56284,311
St Stephens Private Hospital,56283,311
Gold Coast University Hospital,56282,10
Biomedical Technology Services - Central,56281,1208
REC Equine Specialists,56280,1821
Goulburn Base Hospital,56279,1544
Port Macquarie Base Hospital,56278,1335
Caboolture Private Hospital,56277,593
Device Technologies Australia Pty Ltd,56276,1506
Device Technologies Australia Pty Ltd,56275,1506
Newcastle Private Hospital,56274,1334
Brisbane Private Hospital,56273,230
St George Private Hospital,56272,1405
Brisbane Private Hospital,56270,230
Gosford Private Hospital,56269,1382
Veterinary Specialist Services Jindalee,56268,1815
Biomedical Technology Services - Central,56267,1208
Brisbane Private Hospital,56266,230
Brisbane Private Hospital,56265,230
Animal Eye Services,56264,650
Pacific Private Hospital,56263,594
Cairns Private Hospital,56262,468
Cairns Private Hospital,56261,468
Cairns Private Hospital,56260,468
Cairns Private Hospital,56259,468
The Tweed Hospital,56258,45
Sunnybank Private Hospital,56257,101
Sunnybank Private Hospital,56256,101
Brisbane Private Hospital,56255,230
Brisbane Private Hospital,56254,230
LMT Surgical Pty Ltd,56253,1037
Royal North Shore Hospital,56252,83
NuVasive Australia & New Zealand,56251,1271
Tweed Day Surgery,56250,102
Pacific Private Hospital,56249,594
Cairns Private Hospital,56248,468
Gold Coast Private Hospital,56247,2
St George Hospital Sydney,56246,1541
Gold Coast University Hospital,56245,10
Brisbane Private Hospital,56244,230
Device Technologies Australia Pty Ltd,56243,1506
St George Private Hospital,56242,1405
Brisbane Waters Private Hospital,56241,1427
NuVasive Australia & New Zealand,56240,1271
NuVasive Australia & New Zealand,56239,1271
NuVasive Australia & New Zealand,56238,1271
NuVasive Australia & New Zealand,56237,1271
John Flynn Private Hospital,56236,65
North West Private Hospital,56235,70
Mater Hospital Brisbane,56234,20
Brisbane Private Hospital,56233,230
Mater Private Hospital Brisbane,56232,97
St Andrew's Toowoomba Hospital,56231,225
St Andrew's Toowoomba Hospital,56230,225
Pindara Private Hospital,56229,76
Biomedical Technology Services - Central,56228,1208
St Stephens Private Hospital,56227,311
Bydand Medical Pty Ltd,56226,1819
St Andrew's Toowoomba Hospital,56225,225
Buderim Private Hospital,56224,1245
St Andrew's Toowoomba Hospital,56223,225
Sunshine Coast University Private Hospital,56222,657
Veterinary Specialist Services,56221,1641
Sunnybank Private Hospital,56220,101
Caboolture Private Hospital,56219,593
St Stephens Private Hospital,56218,311
Wollongong Private Hospital,56217,1509
Kareena Private Hospital,56216,1526
Gosford Private Hospital,56215,1382
ICCM - International Centre for Cosmetic Medicine,56214,1812
Sydney Day Surgery Prince Alfred,56213,1611
Eye Tech Day Surgeries Southside,56212,1143
Eye Tech Day Surgeries Southside,56211,1143
Eye Tech Day Surgeries Southside,56210,1143
Lake Macquarie Private Hospital,56209,1430
Cairns Private Hospital,56208,468
East Sydney Private Hospital,56207,1767
Brisbane Private Hospital,56206,230
Gold Coast University Hospital,56205,10
Gold Coast University Hospital,56204,10
Gold Coast University Hospital,56203,10
Brisbane Private Hospital,56202,230
Biomedical Technology Services - Central,56201,1208
Mater Hospital Brisbane,56200,20
Inner West Endoscopy Centre,56199,1817
Inner West Endoscopy Centre,56198,1817
St Vincents Private Hospital Toowoomba,56197,227
Mater Private Hospital Brisbane,56196,97
Brisbane Private Hospital,56195,230
Extend Medical,56194,1692
Lake Macquarie Private Hospital,56193,1430
Lake Macquarie Private Hospital,56192,1430
Sunshine Coast University Private Hospital,56190,657
St George Private Hospital,56189,1405
Mater Private Hospital Brisbane,56188,97
Melbourne Private Hospital,56187,1685
Brisbane Private Hospital,56186,230
Inner West Endoscopy Centre,56185,1817
Brisbane Private Hospital,56184,230
Brisbane Private Hospital,56183,230
Pacific Private Hospital,56182,594
Pacific Private Hospital,56181,594
John Flynn Private Hospital,56180,65
Brisbane Private Hospital,56179,230
Short Street Day Surgery,56178,386
Gold Coast Hospital -  Robina Campus,56177,648
St George Private Hospital,56176,1405
Biomedical Technology Services - Central,56175,1208
Hurstville Private Hospital,56174,1586
Queanbeyan District Hospital,56173,1581
Sunshine Coast University Private Hospital,56172,657
Norwest Private Hospital,56171,1352
Lingard Private Hospital,56170,1383
St Andrew's Toowoomba Hospital,56169,225
Campbelltown Private Hospital,56168,1527
St Vincents Hospital Lismore,56167,42
Hurstville Private Hospital,56166,1586
Hurstville Private Hospital,56165,1586
Campbelltown Private Hospital,56164,1527
Campbelltown Private Hospital,56163,1527
Pindara Private Hospital,56162,76
St Vincent Private Hospital Northside,56161,1166
Brisbane Private Hospital,56160,230
Buderim Private Hospital,56159,1245
St Andrew's Toowoomba Hospital,56157,225
St Andrew's Toowoomba Hospital,56156,225
Mater Private Hospital Brisbane,56155,97
Mater Private Hospital Brisbane,56154,97
Concord Repatriation General Hospital,56153,1613
Hurstville Private Hospital,56152,1586
Eye Tech Day Surgeries,56151,63
Eye Tech Day Surgeries,56150,63
Norwest Private Hospital,56148,1352
Mater Private Hospital Townsville,56147,234
Mater Private Hospital Townsville,56146,234
Mater Hospital Brisbane,56145,20
Sunshine Coast Day Surgery,56144,347
Gold Coast University Hospital,56143,10
Wollongong Private Hospital,56141,1509
Buderim Private Hospital,56140,1245
St John of God Bendigo Hospital,56139,1639
Mater Hospital Brisbane,56138,20
LMT Surgical Pty Ltd,56137,1037
Mater Private Hospital Townsville,56136,234
Royal Prince Alfred Hospital,56135,1816
MediVance Pty Ltd,56134,1584
Mater Private Hospital Springfield,56133,1494
Mater Private Hospital Springfield,56132,1494
St Andrew's Ipswich Private Hospital,56131,226
St Andrew's Ipswich Private Hospital,56130,226
City Eye Centre,56129,1674
Lake Macquarie Private Hospital,56128,1430
St Andrew's Ipswich Private Hospital,56127,226
Olympus Australia,56126,64
Wollongong Private Hospital,56125,1509
NuVasive Australia & New Zealand,56124,1271
Cairns Private Hospital,56123,468
Cairns Private Hospital,56122,468
Cairns Private Hospital,56121,468
Cairns Private Hospital,56120,468
Gold Coast University Hospital,56119,10
Cairns Private Hospital,56118,468
Mater Hospital Mackay,56117,242
Port Macquarie Base Hospital,56116,1335
Sunshine Coast University Private Hospital,56115,657
NuVasive Australia & New Zealand,56114,1271
Gold Coast University Hospital,56113,10
Gold Coast University Hospital,56112,10
Olympus Australia,56111,64
Brisbane Private Hospital,56110,230
North West Private Hospital,56109,70
North West Private Hospital,56108,70
St Vincents Private Hospital Toowoomba,56107,227
Sunnybank Private Hospital,56106,101
Brisbane Private Hospital,56105,230
Brisbane Private Hospital,56104,230
Sunnybank Private Hospital,56103,101
NuVasive Australia & New Zealand,56102,1271
NuVasive Australia & New Zealand,56101,1271
Gold Coast Private Hospital,56100,2
Pacific Private Hospital,56099,594
Biomedical Technology Services - Central,56098,1208
Gold Coast Hospital -  Robina Campus,56097,648
Varsity Lakes Day Hospital,56096,1595
Tweed Day Surgery,56095,102
Brisbane Private Hospital,56094,230
Mater Private Hospital Brisbane,56093,97
Prince of Wales Public Hospital,56092,1406
St George Hospital Sydney,56091,1541
John Flynn Private Hospital,56090,65
Buderim Private Hospital,56089,1245
St Vincents Private Hospital Toowoomba,56088,227
Gold Coast University Hospital,56087,10
St John of God Bendigo Hospital,56086,1639
The Wesley Hospital,56085,47
Pindara Private Hospital,56084,76
The Wesley Hospital,56083,47
Biomedical Technology Services - Central,56082,1208
Pindara Private Hospital,56081,76
Pindara Private Hospital,56080,76
Pindara Private Hospital,56079,76
Pindara Private Hospital,56078,76
Gosford Private Hospital,56077,1382
Wollongong Hospital,56076,1724
St Andrew's Toowoomba Hospital,56075,225
St Andrew's Toowoomba Hospital,56074,225
Prince of Wales Public Hospital,56073,1406
Pindara Private Hospital,56072,76
Animal Referral Hospital QLD,56071,1694
East Sydney Private Hospital,56070,1767
Sunnybank Private Hospital,56069,101
St John of God Subiaco Hospital,56068,1705
Mater Private Hospital Brisbane,56067,97
Mater Hospital Brisbane,56066,20
Biomedical Technology Services - Central,56065,1208
SC Medical Pty Ltd,56064,1800
Eye Tech Day Surgeries Southside,56063,1143
South Bank Day Hospital,56062,1468
St George Private Hospital,56061,1405
St John of God Subiaco Hospital,56060,1705
St George Private Hospital,56059,1405
Noosa Hospital,56058,547
Reid Healthcare,56057,1332
Reid Healthcare,56056,1332
Buderim Private Hospital,56055,1245
Device Technologies Australia Pty Ltd,56054,1506
Frances Perry House,56053,1683
North Queensland Day Surgical Centre,56052,1079
St George Private Hospital,56051,1405
Frances Perry House,56050,1683
St Vincents Private Hospital Toowoomba,56049,227
Eye Tech Day Surgeries,56048,63
St Vincents Hospital Lismore,56047,42
North West Private Hospital,56046,70
ICCM - International Centre for Cosmetic Medicine,56045,1812
Cairns Day Surgery,56044,1789
Gold Coast University Hospital,56043,10
Gold Coast University Hospital,56042,10
Brisbane Private Hospital,56041,230
Lake Macquarie Private Hospital,56040,1430
Lake Macquarie Private Hospital,56039,1430
St Andrew's Toowoomba Hospital,56038,225
Sunnybank Private Hospital,56037,101
The Childrens Hospital Westmead,56036,1488
Pacific Day Surgery,56035,1375
Pacific Day Surgery,56034,1375
Concord Repatriation General Hospital,56033,1613
Concord Repatriation General Hospital,56032,1613
Pindara Private Hospital,56031,76
Mater Private Hospital Brisbane,56030,97
Mater Hospital Brisbane,56029,20
Brisbane Private Hospital,56028,230
North Queensland Day Surgical Centre,56027,1079
Murwillumbah District Hospital,56026,24
Brisbane Private Hospital,56025,230
Brisbane Private Hospital,56024,230
Gold Coast Hospital -  Robina Campus,56023,648
Pindara Private Hospital,56022,76
RSPCA QLD,56021,1813
Gold Coast Private Hospital,56020,2
Pacific Private Hospital,56019,594
Vision Centre Day Surgery Pty Ltd,56018,258
The Lotus Institute,56017,507
Gold Coast University Hospital,56016,10
Brisbane Private Hospital,56015,230
INKA Surgical Instruments,56014,1649
Vision Eye Institute River City,56013,1199
John Flynn Private Hospital,56012,65
St Andrew's Toowoomba Hospital,56011,225
St Andrew's Toowoomba Hospital,56010,225
St Andrew's Toowoomba Hospital,56009,225
SC Medical Pty Ltd,56008,1800
Mater Private Hospital Brisbane,56007,97
Pacific Private Hospital,56006,594
Pacific Day Surgery,56005,1375
Brisbane Private Hospital,56004,230
Brisbane Private Hospital,56003,230
Mater Private Hospital Springfield,56002,1494
Mater Private Hospital Brisbane,56001,97
Mater Hospital Brisbane,56000,20
LMT Surgical Pty Ltd,55999,1037
Biomedical Technology Services - Central,55998,1208
NuVasive Australia & New Zealand,55997,1271
NuVasive Australia & New Zealand,55996,1271
NuVasive Australia & New Zealand,55995,1271
Kingsway Day Surgery,55994,1712
The Wesley Hospital,55993,47
Mater Private Hospital Springfield,55992,1494
St Andrew's Ipswich Private Hospital,55991,226
Orange Health Service,55990,26
The Sydney Private Hospital,55989,1725
Brisbane Private Hospital,55988,230
Brisbane Private Hospital,55987,230
Sydney Adventist Hospital,55986,1422
St Stephens Private Hospital,55985,311
St Stephens Private Hospital,55984,311
Hunter Valley Private Hospital,55983,1353
Brisbane Private Hospital,55982,230
Pindara Private Hospital,55981,76
Pacific Private Hospital,55980,594
Concord Repatriation General Hospital,55979,1613
Norwest Private Hospital,55978,1352
Brisbane Private Hospital,55977,230
Eye Tech Day Surgeries,55976,63
Gold Coast University Hospital,55975,10
Gold Coast University Hospital,55974,10
Brisbane Private Hospital,55973,230
Brisbane Private Hospital,55972,230
Gold Coast Private Hospital,55971,2
Biomedical Technology Services - Central,55970,1208
Biomedical Technology Services - Central,55969,1208
Biomedical Technology Services - Central,55968,1208
St Vincents Private Hospital Toowoomba,55967,227
Monash IVF Gold Coast,55966,1795
Fairfield Hospital,55965,1779
Gold Coast Hospital -  Robina Campus,55964,648
Brisbane Private Hospital,55963,230
Pindara Private Hospital,55962,76
Nowra Private Hospital,55961,1511
Lake Macquarie Private Hospital,55960,1430
Noosa Hospital,55959,547
Device Technologies Australia Pty Ltd,55958,1506
Device Technologies Australia Pty Ltd,55957,1506
Caboolture Private Hospital,55956,593
Caboolture Private Hospital,55955,593
Royal North Shore Hospital,55954,83
Royal North Shore Hospital,55953,83
Device Technologies Australia Pty Ltd,55952,1506
QLD ENT Associates Pty Ltd,55951,1809
Brisbane Private Hospital,55950,230
Forster Private Hospital,55949,1687
John Flynn Private Hospital,55948,65
St Andrew's Toowoomba Hospital,55947,225
Brisbane Private Hospital,55946,230
Brisbane Private Hospital,55945,230
St Andrew's Toowoomba Hospital,55944,225
Westside Private Hospital,55943,1660
Westside Private Hospital,55942,1660
Buderim Private Hospital,55941,1245
Canberra Surgicentre,55940,1807
MediVance Pty Ltd,55939,1584
Gen Physio,55938,1811
Maitland Private Hospital,55937,1425
St Andrew's Toowoomba Hospital,55936,225
St Andrew's Toowoomba Hospital,55935,225
St Vincents Hospital Lismore,55934,42
St Vincents Hospital Lismore,55933,42
St Vincents Hospital Lismore,55932,42
St Vincents Hospital Lismore,55931,42
NuVasive Australia & New Zealand,55930,1271
Maitland Private Hospital,55929,1425
Buderim Private Hospital,55928,1245
Buderim Private Hospital,55927,1245
Buderim Private Hospital,55926,1245
Campbelltown Private Hospital,55925,1527
Forster Private Hospital,55924,1687
Westmead Hospital,55923,1810
Wollongong Hospital,55922,1724
Northern Beaches Hospital,55921,1723
St John of God Bendigo Hospital,55919,1639
Brisbane Private Hospital,55917,230
Chermside Day Hospital,55916,1261
Campbelltown Private Hospital,55915,1527
Frances Perry House,55913,1683
Hurstville Private Hospital,55911,1586
Frances Perry House,55910,1683
Sandown Veterinary Clinic,55908,1808
Brisbane Private Hospital,55907,230
Brisbane Private Hospital,55906,230
LMT Surgical Pty Ltd,55905,1037
Sunshine Coast Day Surgery,55904,347
Prince of Wales Public Hospital,55903,1406
Brisbane Private Hospital,55902,230
Mater Hospital Mackay,55901,242
Sunshine Coast Day Surgery,55900,347
The Childrens Hospital Westmead,55899,1488
LMT Surgical Pty Ltd,55898,1037
NuVasive Australia & New Zealand,55897,1271
NuVasive Australia & New Zealand,55896,1271
NuVasive Australia & New Zealand,55895,1271
Brisbane Private Hospital,55894,230
Brisbane Private Hospital,55893,230
Gold Coast Private Hospital,55892,2
Pindara Private Hospital,55891,76
Pacific Private Hospital,55890,594
Pindara Day Procedure Centre,55889,257
Gold Coast Hospital -  Robina Campus,55888,648
Varsity Lakes Day Hospital,55887,1595
Buderim Private Hospital,55886,1245
ACT Sterilising Services,55885,1765
Mater Private Hospital Brisbane,55884,97
St George Hospital Sydney,55883,1541
Gold Coast University Hospital,55882,10
ACT Sterilising Services,55881,1765
Gosford Private Hospital,55880,1382
Gold Coast University Hospital,55879,10
Gold Coast University Hospital,55878,10
North Lakes Day Hospital,55877,1462
Short Street Day Surgery,55876,386
Queensland Childrens Hospital - BTS,55875,1481
Mater Hospital Brisbane,55874,20
Mater Private Hospital Brisbane,55873,97
Gold Coast Private Hospital,55872,2
John Flynn Private Hospital,55871,65
Eye Tech Day Surgeries Southside,55870,1143
St Andrew's Toowoomba Hospital,55869,225
St Andrew's Toowoomba Hospital,55868,225
St Andrew's Toowoomba Hospital,55867,225
Mount Druitt Hospital,55866,1728
Lingard Private Hospital,55865,1383
Animal Referral Hospital QLD,55864,1694
Animal Referral Hospital QLD,55863,1694
Mount Druitt Hospital,55862,1728
Sunshine Coast University Private Hospital,55861,657
Royal North Shore Hospital,55860,83
Wyong District Hospital,55859,1309
The Sydney Private Hospital,55858,1725
Wollongong Private Hospital,55857,1509
Wollongong Private Hospital,55856,1509
Port Macquarie Base Hospital,55855,1335
Epworth Richmond,55854,1688
Wollongong Private Hospital,55853,1509
NuVasive Australia & New Zealand,55852,1271
Wyong District Hospital,55851,1309
Hoyland Medical,55850,15
St Andrew's Ipswich Private Hospital,55849,226
Brisbane Waters Private Hospital,55848,1427
St Vincents Hospital Lismore,55846,42
Lake Macquarie Private Hospital,55845,1430
Mater Hospital Brisbane,55844,20
Mater Private Hospital Brisbane,55843,97
St Andrew's Ipswich Private Hospital,55842,226
Sydney Adventist Hospital,55841,1422
Gold Coast University Hospital,55840,10
Gold Coast University Hospital,55838,10
Mater Private Hospital Springfield,55837,1494
Wyong District Hospital,55836,1309
Wyong District Hospital,55835,1309
St George Private Hospital,55834,1405
St Andrew's Ipswich Private Hospital,55833,226
Mater Private Hospital Springfield,55832,1494
Melbourne Private Hospital,55831,1685
Brisbane Private Hospital,55830,230
Brisbane Private Hospital,55829,230
Norwest Private Hospital,55827,1352
Mater Private Hospital Redlands,55826,672
Mater Private Hospital Brisbane,55825,97
Mater Hospital Brisbane,55824,20
Sunnybank Private Hospital,55823,101
Brisbane Private Hospital,55822,230
Brisbane Private Hospital,55821,230
Cairns Private Hospital,55820,468
Gold Coast Private Hospital,55819,2
Cairns Private Hospital,55818,468
Brisbane Private Hospital,55817,230
Sunnybank Private Hospital,55816,101
Mater Hospital Hyde Park,55815,365
Gold Coast Hospital -  Robina Campus,55814,648
Pindara Private Hospital,55813,76
Norwest Private Hospital,55812,1352
The Tweed Hospital,55811,45
Brightside Hospital,55810,1805
Brisbane Private Hospital,55809,230
Liz Drabble,55808,1806
Pacific Private Hospital,55806,594
Pindara Private Hospital,55805,76
Cairns Private Hospital,55804,468
Cairns Private Hospital,55803,468
St George Private Hospital,55802,1405
Port Macquarie Base Hospital,55801,1335
John Flynn Private Hospital,55800,65
Sunnybank Private Hospital,55799,101
St George Private Hospital,55798,1405
Biomedical Technology Services - Central,55797,1208
St Stephens Private Hospital,55796,311
St Stephens Private Hospital,55795,311
Biomedical Technology Services - Central,55794,1208
St Andrew's Toowoomba Hospital,55793,225
St Andrew's Toowoomba Hospital,55792,225
Reid Healthcare,55791,1332
Device Technologies Australia Pty Ltd,55790,1506
East Sydney Private Hospital,55789,1767
Sunnybank Private Hospital,55788,101
Sunnybank Private Hospital,55787,101
The Sydney Private Hospital,55786,1725
Eye Tech Day Surgeries Southside,55785,1143
Eye Tech Day Surgeries Southside,55784,1143
St Vincent Private Hospital Northside,55783,1166
Brisbane Private Hospital,55782,230
Eye Tech Day Surgeries Southside,55781,1143
Sydney Day Surgery Prince Alfred,55780,1611
Eye Tech Day Surgeries,55779,63
Eye Tech Day Surgeries,55778,63
Gold Coast University Hospital,55777,10
Hoyland Medical,55776,15
Gold Coast University Hospital,55775,10
Buderim Private Hospital,55774,1245
Lake Macquarie Private Hospital,55773,1430
Mater Hospital Brisbane,55771,20
Mater Private Hospital Brisbane,55770,97
St Vincents Private Hospital Toowoomba,55769,227
Norwest Private Hospital,55768,1352
Norwest Private Hospital,55767,1352
Buderim Private Hospital,55766,1245
Biomedical Technology Services - Central,55765,1208
Biomedical Technology Services - Central,55764,1208
Biomedical Technology Services - Central,55763,1208
Biomedical Technology Services - Central,55762,1208
Biomedical Technology Services - Central,55761,1208
Biomedical Technology Services - Central,55760,1208
Gold Coast Private Hospital,55759,2
Brisbane Private Hospital,55758,230
Brisbane Private Hospital,55757,230
St Vincents Private Hospital Toowoomba,55756,227
Brisbane Private Hospital,55755,230
Nepean Private Hospital,55754,1407
Sunnybank Private Hospital,55753,101
Sunnybank Private Hospital,55752,101
Pacific Private Hospital,55751,594
Brisbane Private Hospital,55750,230
Brisbane Private Hospital,55749,230
Brisbane Private Hospital,55748,230
Hurstville Private Hospital,55747,1586
Murwillumbah District Hospital,55746,24
Pindara Day Procedure Centre,55745,257
Gold Coast Hospital -  Robina Campus,55744,648
Maitland Private Hospital,55743,1425
Lakeview Private Hospital,55742,1560
Biomedical Technology Services - Central,55741,1208
Hurstville Private Hospital,55740,1586
Gold Coast University Hospital,55739,10
Frances Perry House,55738,1683
Hoyland Medical,55737,15
MediVance Pty Ltd,55736,1584
John Flynn Private Hospital,55735,65
St Vincents Private Hospital Toowoomba,55734,227
St Andrew's Toowoomba Hospital,55733,225
Pindara Private Hospital,55732,76
Cairns Private Hospital,55731,468
Orange Day Surgery Centre,55729,1791
St Andrew's Toowoomba Hospital,55728,225
Mater Private Hospital Brisbane,55727,97
Gosford Private Hospital,55726,1382
Frances Perry House,55725,1683
Frances Perry House,55724,1683
Hunter Valley Private Hospital,55723,1353
Mater Hospital Brisbane,55722,20
Lake Macquarie Private Hospital,55721,1430
St Vincent Private Hospital Northside,55720,1166
Biomedical Technology Services - Central,55719,1208
Olympus Australia,55718,64
St Vincents Hospital Lismore,55717,42
Device Technologies Australia Pty Ltd,55716,1506
Norwest Day Hospital,55715,1804
Reid Healthcare,55714,1332
Noosa Hospital,55713,547
Buderim Private Hospital,55712,1245
Sunshine Coast University Private Hospital,55711,657
Cairns Private Hospital,55710,468
St Andrew's Ipswich Private Hospital,55709,226
Hunter Valley Private Hospital,55708,1353
Chermside Day Hospital,55707,1261
Gold Coast Private Hospital,55706,2
Brisbane Private Hospital,55705,230
St Stephens Private Hospital,55704,311
Sunnybank Private Hospital,55703,101
Brisbane Private Hospital,55702,230
Sunnybank Private Hospital,55701,101
Prince of Wales Public Hospital,55700,1406
St Vincents Hospital Lismore,55699,42
ACT Dermatology,55698,1798
Lake Macquarie Private Hospital,55697,1430
Orange Day Surgery Centre,55696,1791
Queensland Childrens Hospital - BTS,55695,1481
Gold Coast University Hospital,55694,10
The Childrens Hospital Westmead,55693,1488
Brisbane Private Hospital,55691,230
Gosford District Hospital,55690,241
Sunnybank Private Hospital,55689,101
St Stephens Private Hospital,55688,311
Westside Private Hospital,55686,1660
Pacific Day Surgery,55685,1375
Brisbane Private Hospital,55684,230
Brisbane Private Hospital,55683,230
Varsity Lakes Day Hospital,55682,1595
LMT Surgical Pty Ltd,55681,1037
Wyong District Hospital,55680,1309
Short Street Day Surgery,55679,386
John Flynn Private Hospital,55678,65
Blacktown Hospital,55677,1709
Gold Coast Hospital -  Robina Campus,55676,648
St Vincents Public Hospital Sydney,55675,1344
Wollongong Hospital,55674,1724
Pacific Private Hospital,55673,594
Sydney Eye Hospital,55672,1508
Mater Private Hospital Brisbane,55671,97
Wollongong Private Hospital,55670,1509
Westside Private Hospital,55669,1660
Hoyland Medical,55668,15
NuVasive Australia & New Zealand,55667,1271
NuVasive Australia & New Zealand,55666,1271
Brisbane Private Hospital,55665,230
St George Private Hospital,55664,1405
Sunnybank Private Hospital,55663,101
Noosa Hospital,55662,547
The Sydney Private Hospital,55661,1725
Southern Highlands Private Hospital,55660,1518
Southern Highlands Private Hospital,55659,1518
NuVasive Australia & New Zealand,55658,1271
Noosa Hospital,55657,547
LMT Surgical Pty Ltd,55656,1037
St George Private Hospital,55655,1405
Pindara Private Hospital,55654,76
Biomedical Technology Services - Central,55653,1208
Biomedical Technology Services - Central,55652,1208
Biomedical Technology Services - Central,55651,1208
Biomedical Technology Services - Central,55650,1208
Prince of Wales Public Hospital,55649,1406
Newcastle Private Hospital,55648,1334
Eye Tech Day Surgeries,55647,63
Norwest Private Hospital,55646,1352
Gosford Private Hospital,55645,1382
Cairns Day Surgery,55644,1789
St John of God Bendigo Hospital,55643,1639
St John of God Bendigo Hospital,55642,1639
Mater Private Hospital Brisbane,55641,97
NuVasive Australia & New Zealand,55640,1271
Pacific Private Hospital,55639,594
St John of God Subiaco Hospital,55638,1705
St John of God Subiaco Hospital,55637,1705
Gold Coast Private Hospital,55636,2
Eye Tech Day Surgeries,55635,63
Norwest Private Hospital,55634,1352
Gosford Private Hospital,55633,1382
Cairns Day Surgery,55632,1789
Vision Centre Day Surgery Pty Ltd,55631,258
SC Medical Pty Ltd,55630,1800
St George Hospital Sydney,55629,1541
Campbelltown Private Hospital,55628,1527
St John of God Subiaco Hospital,55627,1705
Buderim Private Hospital,55626,1245
Lingard Private Hospital,55625,1383
Narrabri District Hospital,55624,1802
Narrabri District Hospital,55623,1802
Gold Coast Hospital -  Robina Campus,55622,648
Hoyland Medical,55621,15
Hoyland Medical,55620,15
Port Macquarie Base Hospital,55619,1335
John Flynn Private Hospital,55618,65
St Vincents Private Hospital Toowoomba,55617,227
Biomedical Technology Services - Central,55616,1208
Port Macquarie Base Hospital,55615,1335
Brisbane Private Hospital,55614,230
St Andrew's Toowoomba Hospital,55613,225
St Andrew's Toowoomba Hospital,55612,225
St George Hospital Sydney,55611,1541
Orange Day Surgery Centre,55610,1791
Goulburn Base Hospital,55609,1544
Dr Chris Hornsby Ophthalmology,55608,1051
Canberra Microsurgery,55607,1534
St Vincent Private Hospital Northside,55606,1166
North Lakes Day Hospital,55605,1462
Orange Day Surgery Centre,55604,1791
The Royal Melbourne Hospital,55603,1089
Brisbane Private Hospital,55602,230
Mater Private Hospital Townsville,55601,234
Lake Macquarie Private Hospital,55600,1430
NuVasive Australia & New Zealand,55599,1271
North Queensland Day Surgical Centre,55598,1079
Mater Private Hospital Springfield,55597,1494
Mater Private Hospital Springfield,55596,1494
Pindara Private Hospital,55595,76
Biomedical Technology Services - Central,55594,1208
Biomedical Technology Services - Central,55593,1208
Prince of Wales Public Hospital,55592,1406
Prince of Wales Public Hospital,55591,1406
Orange Day Surgery Centre,55590,1791
Veterinary Specialist Services Carrara,55589,1768
North West Private Hospital,55588,70
NuVasive Australia & New Zealand,55587,1271
St Vincents Private Hospital Toowoomba,55586,227
St Vincents Private Hospital Toowoomba,55585,227
St George Private Hospital,55584,1405
Frances Perry House,55583,1683
Norwest Private Hospital,55582,1352
Norwest Private Hospital,55581,1352
Brisbane Private Hospital,55580,230
Brisbane Private Hospital,55579,230
Brisbane Private Hospital,55578,230
Gold Coast Hospital -  Robina Campus,55577,648
Gold Coast Private Hospital,55576,2
Gold Coast University Hospital,55575,10
John Flynn Private Hospital,55574,65
Cairns Private Hospital,55573,468
Cairns Private Hospital,55572,468
Wollongong Hospital,55571,1724
Lakeview Private Hospital,55570,1560
St Andrew's Ipswich Private Hospital,55569,226
Sunshine Coast University Private Hospital,55568,657
Sunshine Coast University Private Hospital,55567,657
St Andrew's Ipswich Private Hospital,55566,226
Buderim Private Hospital,55565,1245
Sunshine Coast Day Surgery,55564,347
St Andrew's Toowoomba Hospital,55563,225
St Andrew's Toowoomba Hospital,55562,225
St Andrew's Toowoomba Hospital,55561,225
Calvary Lenah Valley Hospital,55560,1528
Pindara Private Hospital,55559,76
Biomedical Technology Services - Central,55558,1208
ICP Firefly Pty Ltd,55557,1644
Aesthetic Day Surgery,55556,1316
Noosa Hospital,55555,547
NuVasive Australia & New Zealand,55554,1271
North Queensland Day Surgical Centre,55553,1079
Eye Care Specialist,55552,1568
Buderim Private Hospital,55551,1245
Pindara Private Hospital,55550,76
Toowoomba Surgicentre Pty Ltd,55549,1637
Mount Druitt Hospital,55548,1728
Buderim Private Hospital,55547,1245
St Vincent Private Hospital Northside,55546,1166
NuVasive Australia & New Zealand,55545,1271
Hoyland Medical,55544,15
Sunnybank Private Hospital,55543,101
Blacktown Hospital,55542,1709
Pacific Private Hospital,55541,594
Norwest Private Hospital,55540,1352
Mater Hospital Mackay,55539,242
Wollongong Private Hospital,55538,1509
INKA Surgical Instruments,55537,1649
Port Macquarie Base Hospital,55536,1335
Wollongong Private Hospital,55535,1509
Gold Coast University Hospital,55534,10
Gold Coast University Hospital,55533,10
Brisbane Private Hospital,55532,230
South Bank Day Hospital,55531,1468
The Childrens Hospital Westmead,55530,1488
John Flynn Private Hospital,55529,65
Brisbane Private Hospital,55528,230
Brisbane Private Hospital,55527,230
Brisbane Private Hospital,55526,230
Lake Macquarie Private Hospital,55524,1430
The Childrens Hospital Westmead,55523,1488
Prince of Wales Public Hospital,55522,1406
Gold Coast Private Hospital,55521,2
Pindara Private Hospital,55520,76
Eye Clinic for Animals,55519,1377
St George Hospital Sydney,55518,1541
Melbourne Private Hospital,55517,1685
St Andrew's Toowoomba Hospital,55516,225
Brisbane Private Hospital,55515,230
Buderim Private Hospital,55514,1245
The Wesley Hospital,55513,47
St Andrew's Toowoomba Hospital,55512,225
St Andrew's Toowoomba Hospital,55511,225
My Foot Dr Robina,55510,1745
John Flynn Private Hospital,55509,65
St George Hospital Sydney,55508,1541
Prince of Wales Public Hospital,55507,1406
Gosford District Hospital,55506,241
Mater Hospital Hyde Park,55505,365
Mater Hospital Hyde Park,55504,365
Mater Private Hospital Springfield,55503,1494
Mater Private Hospital Springfield,55502,1494
Sunnybank Private Hospital,55501,101
Lake Macquarie Private Hospital,55500,1430
Mater Private Hospital Brisbane,55499,97
Pindara Private Hospital,55498,76
NuVasive Australia & New Zealand,55497,1271
NuVasive Australia & New Zealand,55496,1271
Short Street Day Surgery,55495,386
Pindara Private Hospital,55494,76
Pindara Private Hospital,55493,76
Port Macquarie Base Hospital,55492,1335
Brisbane Private Hospital,55491,230
Brisbane Private Hospital,55490,230
St George Private Hospital,55489,1405
NuVasive Australia & New Zealand,55488,1271
NuVasive Australia & New Zealand,55487,1271
St Stephens Private Hospital,55486,311
St Vincent Private Hospital Northside,55485,1166
NuVasive Australia & New Zealand,55484,1271
Maitland Public Hospital,55483,1562
John Flynn Private Hospital,55482,65
Brisbane Private Hospital,55481,230
Brisbane Private Hospital,55480,230
Brisbane Private Hospital,55479,230
Brisbane Private Hospital,55478,230
Sheree Moko,55477,1329
Concord Repatriation General Hospital,55476,1613
St Andrew's Ipswich Private Hospital,55474,226
St Andrew's Ipswich Private Hospital,55473,226
Hunter Valley Private Hospital,55472,1353
Wollongong Hospital,55470,1724
Gosford Private Hospital,55469,1382
Pacific Day Surgery,55468,1375
Brisbane Private Hospital,55467,230
Buderim Private Hospital,55466,1245
Lake Macquarie Private Hospital,55465,1430
Hunter Valley Private Hospital,55463,1353
Frances Perry House,55462,1683
Hervey Bay Surgical Hospital,55461,1386
Sunshine Coast University Private Hospital,55460,657
St Andrew's Ipswich Private Hospital,55458,226
Frances Perry House,55457,1683
Short Street Day Surgery,55456,386
NuVasive Australia & New Zealand,55455,1271
St John of God Bendigo Hospital,55454,1639
Small Animal Specialist Hospital,55453,1351
Chermside Day Hospital,55452,1261
Chermside Day Hospital,55451,1261
The Childrens Hospital Westmead,55450,1488
Short Street Day Surgery,55449,386
Mater Private Hospital Townsville,55448,234
Short Street Day Surgery,55447,386
Dr Kate Morlet-Brown,55446,1790
Prince of Wales Public Hospital,55445,1406
Wollongong Private Hospital,55444,1509
North West Private Hospital,55443,70
Pacific Private Hospital,55442,594
Sunnybank Private Hospital,55441,101
Sunnybank Private Hospital,55440,101
The Wesley Hospital,55438,47
Noosa Hospital,55437,547
Noosa Hospital,55436,547
Norwest Private Hospital,55435,1352
Norwest Private Hospital,55434,1352
Noosa Hospital,55433,547
Pacific Private Hospital,55432,594
NuVasive Australia & New Zealand,55431,1271
Surgical & Orthopaedic Research Laboratory,55430,1569
Noosa Hospital,55429,547
Mater Private Hospital Brisbane,55428,97
St John of God Bendigo Hospital,55427,1639
Campbelltown Private Hospital,55426,1527
Murwillumbah District Hospital,55425,24
Gold Coast Hospital -  Robina Campus,55424,648
Gold Coast Hospital -  Robina Campus,55423,648
Mater Hospital Brisbane,55422,20
Noosa Hospital,55421,547
The Sydney Private Hospital,55420,1725
St John of God Bendigo Hospital,55419,1639
Sydney Oculoplastic Surgery,55418,1515
The Tweed Hospital,55417,45
Sunnybank Private Hospital,55416,101
Campbelltown Private Hospital,55415,1527
Vision Centre Day Surgery Pty Ltd,55414,258
Gold Coast Private Hospital,55413,2
Pindara Private Hospital,55412,76
St George Private Hospital,55411,1405
St Vincents Private Hospital - Fitzroy,55410,1656
Buderim Private Hospital,55409,1245
The Sydney Private Hospital,55408,1725
Pacific Day Surgery,55406,1375
Prince of Wales Public Hospital,55405,1406
Maitland Private Hospital,55404,1425
Buderim Private Hospital,55403,1245
Buderim Private Hospital,55402,1245
Westside Private Hospital,55401,1660
Nowra Private Hospital,55400,1511
SC Medical Pty Ltd,55399,1800
ACT Sterilising Services,55398,1765
ACT Sterilising Services,55397,1765
St Andrew's Toowoomba Hospital,55396,225
St Andrew's Toowoomba Hospital,55395,225
Brisbane Private Hospital,55394,230
Pacific Private Hospital,55393,594
Biomedical Technology Services - Central,55391,1208
Biomedical Technology Services - Central,55390,1208
St Vincents Private Hospital Toowoomba,55389,227
Norwest Private Hospital,55388,1352
Prince of Wales Public Hospital,55387,1406
St George Hospital Sydney,55386,1541
Brisbane Private Hospital,55385,230
Kareena Private Hospital,55384,1526
St George Hospital Sydney,55383,1541
St George Hospital Sydney,55382,1541
Caboolture Private Hospital,55381,593
Lakeview Private Hospital,55380,1560
Gold Coast University Hospital,55379,10
Spring Hill Specialist Day Hospital,55378,125
Mater Hospital Brisbane,55377,20
Lake Macquarie Private Hospital,55376,1430
North Lakes Day Hospital,55375,1462
Mater Private Hospital Brisbane,55374,97
St Stephens Private Hospital,55373,311
North Lakes Day Hospital,55372,1462
North Lakes Day Hospital,55371,1462
The Wesley Hospital,55370,47
ACT Dermatology,55369,1798
NuVasive Australia & New Zealand,55368,1271
Lake Macquarie Private Hospital,55367,1430
NuVasive Australia & New Zealand,55366,1271
Mater Private Hospital Townsville,55364,234
Hunter Valley Private Hospital,55363,1353
Concord Repatriation General Hospital,55362,1613
Pacific Private Hospital,55361,594
Pindara Day Procedure Centre,55360,257
Brisbane Private Hospital,55359,230
Wyong District Hospital,55358,1309
Brisbane Private Hospital,55357,230
Brisbane Private Hospital,55356,230
LMT Surgical Pty Ltd,55355,1037
Gold Coast Private Hospital,55354,2
Brisbane Waters Private Hospital,55353,1427
NuVasive Australia & New Zealand,55352,1271
The Childrens Hospital Westmead,55351,1488
John Flynn Private Hospital,55350,65
Brisbane Private Hospital,55349,230
Mater Hospital Brisbane,55348,20
Mater Private Hospital Brisbane,55347,97
Device Technologies Australia Pty Ltd,55346,1506
Newcastle Private Hospital,55345,1334
NuVasive Australia & New Zealand,55344,1271
Eye Tech Day Surgeries,55343,63
Bathurst Private Hospital,55342,1735
Toowoomba Surgicentre Pty Ltd,55341,1637
St Andrew's Toowoomba Hospital,55340,225
St Andrew's Toowoomba Hospital,55339,225
Brisbane Private Hospital,55338,230
Redlands Eye Specialist,55337,1378
St Andrew's Toowoomba Hospital,55336,225
St Andrew's Toowoomba Hospital,55335,225
Brisbane Private Hospital,55334,230
Brisbane Private Hospital,55333,230
Canberra Hospital,55332,1775
Brisbane Private Hospital,55331,230
Mater Private Hospital Brisbane,55330,97
Mater Hospital Brisbane,55329,20
North Queensland Day Surgical Centre,55328,1079
Orange Health Service,55327,26
Wollongong Private Hospital,55326,1509
St John of God Bendigo Hospital,55325,1639
Medivenn Pty Ltd,55324,1704
Sutherland Hospital,55323,1530
Buderim Private Hospital,55322,1245
St John of God Bendigo Hospital,55321,1639
St John of God Bendigo Hospital,55320,1639
St Stephens Private Hospital,55319,311
St Andrew's Ipswich Private Hospital,55318,226
Caboolture Private Hospital,55317,593
Caboolture Private Hospital,55316,593
St Stephens Private Hospital,55315,311
Caboolture Private Hospital,55314,593
John Flynn Private Hospital,55313,65
Casino & District Memorial Hospital,55312,6
Campbelltown Private Hospital,55311,1527
Casino & District Memorial Hospital,55310,6
Frances Perry House,55309,1683
Buderim Private Hospital,55308,1245
Frances Perry House,55307,1683
The Childrens Hospital Westmead,55306,1488
Gold Coast University Hospital,55305,10
Wollongong Hospital,55304,1724
Gosford Private Hospital,55303,1382
Dr Phillip Steele,55302,268
Sunshine Coast Day Surgery,55301,347
Chermside Day Hospital,55300,1261
Mater Hospital Mackay,55299,242
Maitland Public Hospital,55298,1562
Gosford Private Hospital,55297,1382
Gosford Private Hospital,55296,1382
Sunnybank Private Hospital,55295,101
Device Technologies Australia Pty Ltd,55294,1506
Device Technologies Australia Pty Ltd,55293,1506
University of Adelaide,55292,1796
Brisbane Private Hospital,55290,230
Sunnybank Private Hospital,55289,101
Sunnybank Private Hospital,55288,101
Brisbane Private Hospital,55287,230
Pacific Private Hospital,55286,594
Sunnybank Private Hospital,55285,101
Dr Phillip Steele,55284,268
Tweed Day Surgery,55283,102
Pindara Private Hospital,55282,76
Gold Coast Private Hospital,55281,2
St Andrew's Toowoomba Hospital,55280,225
Gold Coast Hospital -  Robina Campus,55279,648
St George Private Hospital,55278,1405
Dr Scott Teske,55277,1771
St Andrew's Toowoomba Hospital,55276,225
St Andrew's Toowoomba Hospital,55275,225
East Sydney Private Hospital,55274,1767
St Vincents Hospital Lismore,55273,42
Wollongong Private Hospital,55272,1509
Brisbane Private Hospital,55271,230
Brisbane Private Hospital,55270,230
Olympus Australia,55269,64
Wollongong Private Hospital,55268,1509
Pindara Private Hospital,55267,76
Reid Healthcare,55266,1332
East Sydney Private Hospital,55265,1767
Northern Beaches Hospital,55264,1723
Liverpool Hospital,55263,1502
Prince of Wales Public Hospital,55262,1406
Gosford District Hospital,55261,241
The Sydney Private Hospital,55260,1725
St George Private Hospital,55259,1405
Mater Hospital Brisbane,55258,20
Sunnybank Private Hospital,55257,101
Sunnybank Private Hospital,55256,101
Brisbane Private Hospital,55255,230
Blacktown Hospital,55254,1709
NuVasive Australia & New Zealand,55253,1271
Hoyland Medical,55252,15
St Vincent Private Hospital Northside,55251,1166
Buderim Private Hospital,55249,1245
Sunshine Coast University Private Hospital,55248,657
NuVasive Australia & New Zealand,55247,1271
NuVasive Australia & New Zealand,55246,1271
Monash IVF Gold Coast,55245,1795
Hoyland Medical,55244,15
Brisbane Private Hospital,55243,230
Biomedical Technology Services - Central,55242,1208
Mater Hospital Brisbane,55241,20
Mater Private Hospital Brisbane,55240,97
Vision Eye Institute - Hurstville,55239,1780
Gold Coast Private Hospital,55238,2
Sunshine Coast University Private Hospital,55237,657
Brisbane Private Hospital,55236,230
NuVasive Australia & New Zealand,55235,1271
NuVasive Australia & New Zealand,55234,1271
Mater Private Hospital Townsville,55233,234
Buderim Private Hospital,55232,1245
St Vincents Hospital Lismore,55231,42
St Vincents Hospital Lismore,55230,42
Pindara Private Hospital,55229,76
Buderim Private Hospital,55228,1245
Pindara Private Hospital,55227,76
Brisbane Private Hospital,55226,230
Kingsway Day Surgery,55224,1712
North West Private Hospital,55223,70
St George Private Hospital,55221,1405
Hoyland Medical,55220,15
St Andrew's Toowoomba Hospital,55219,225
Lake Macquarie Private Hospital,55218,1430
Buderim Private Hospital,55217,1245
Brisbane Private Hospital,55216,230
St Andrew's Toowoomba Hospital,55215,225
St Andrew's Toowoomba Hospital,55214,225
Sydney Eye Hospital,55213,1508
Albury Wodonga Health - Albury Campus,55212,1573
Eye Tech Day Surgeries,55211,63
St George Hospital Sydney,55210,1541
St George Hospital Sydney,55209,1541
Pindara Private Hospital,55206,76
St Andrew's Ipswich Private Hospital,55205,226
Brisbane Private Hospital,55204,230
Brisbane Private Hospital,55203,230
NuVasive Australia & New Zealand,55202,1271
Brisbane Private Hospital,55201,230
Biomedical Technology Services - Central,55200,1208
Gold Coast University Hospital,55199,10
Sydney Adventist Hospital,55198,1422
Brisbane Private Hospital,55197,230
Aesthetic Day Surgery,55196,1316
St Andrew's Ipswich Private Hospital,55195,226
LMT Surgical Pty Ltd,55194,1037
Hurstville Private Hospital,55193,1586
Prince of Wales Public Hospital,55192,1406
Nepean Private Hospital,55191,1407
Newcastle Private Hospital,55190,1334
Maitland Private Hospital,55189,1425
Mater Private Hospital Brisbane,55188,97
The Sydney Private Hospital,55187,1725
Wollongong Private Hospital,55186,1509
Lake Macquarie Private Hospital,55185,1430
Norwest Private Hospital,55184,1352
Lake Macquarie Private Hospital,55183,1430
Wollongong Private Hospital,55181,1509
The Childrens Hospital Westmead,55180,1488
Gold Coast Hospital -  Robina Campus,55179,648
St John of God Bendigo Hospital,55178,1639
St John of God Bendigo Hospital,55177,1639
INKA Surgical Instruments,55176,1649
Buderim Private Hospital,55175,1245
Port Macquarie Base Hospital,55174,1335
St Vincents Private Hospital Toowoomba,55173,227
St Vincents Private Hospital Toowoomba,55172,227
Double Bay Day Surgery,55171,1666
Brisbane Private Hospital,55170,230
Caboolture Private Hospital,55168,593
CanMed SIR,55167,1552
My Foot Dr - Emerald Lakes,55166,1792
Gold Coast Private Hospital,55165,2
Brisbane Private Hospital,55164,230
Brisbane Private Hospital,55163,230
Brisbane Private Hospital,55162,230
Pindara Private Hospital,55161,76
The Tweed Hospital,55160,45
The Tweed Hospital,55159,45
Sunnybank Private Hospital,55158,101
Sunnybank Private Hospital,55157,101
Calvary Lenah Valley Hospital,55156,1528
Chermside Day Hospital,55155,1261
Maitland Public Hospital,55154,1562
Brisbane Private Hospital,55153,230
Sydney Adventist Hospital,55152,1422
John Flynn Private Hospital,55151,65
Wyong District Hospital,55150,1309
Hoyland Medical,55149,15
Orange Health Service,55148,26
Wyong District Hospital,55147,1309
Orange Health Service,55146,26
Pindara Private Hospital,55145,76
St Andrew's Toowoomba Hospital,55144,225
Gold Coast Hospital -  Robina Campus,55143,648
Pindara Private Hospital,55142,76
St Andrew's Toowoomba Hospital,55141,225
St Andrew's Toowoomba Hospital,55140,225
Buderim Private Hospital,55139,1245
Dr Kate Morlet-Brown,55138,1790
St George Hospital Sydney,55137,1541
Gosford Private Hospital,55136,1382
Mater Private Hospital Redlands,55135,672
Brisbane Private Hospital,55134,230
St George Hospital Sydney,55133,1541
Brisbane Private Hospital,55132,230
Brisbane Private Hospital,55131,230
St Vincents Private Hospital Toowoomba,55130,227
Brisbane Private Hospital,55129,230
St George Private Hospital,55128,1405
The Childrens Hospital Westmead,55127,1488
MediVance Pty Ltd,55126,1584
Cairns Day Surgery,55125,1789
Cairns Day Surgery,55124,1789
St Vincents Hospital Lismore,55123,42
Sunshine Coast University Private Hospital,55122,657
Sunshine Coast University Private Hospital,55121,657
Mater Private Hospital Brisbane,55119,97
Mater Hospital Brisbane,55118,20
Lake Macquarie Private Hospital,55117,1430
Wollongong Hospital,55116,1724
Sydney Day Surgery Prince Alfred,55115,1611
St Vincents Private Hospital Toowoomba,55114,227
UQ Veterinary Medical Centre,55113,1363
Reid Healthcare,55112,1332
St Vincents Private Community Hospital Griffith,55111,1719
NuVasive Australia & New Zealand,55110,1271
NuVasive Australia & New Zealand,55109,1271
St John of God Bendigo Hospital,55108,1639
Mater Private Hospital Townsville,55107,234
Gold Coast University Hospital,55106,10
Gold Coast University Hospital,55105,10
Mater Private Hospital Brisbane,55104,97
